--
-- Delete all talbels if exists
--
drop table if exists drill_in_workout;

drop table if exists drill;

drop table if exists mails;

drop table if exists muscle_group_in_train;

drop table if exists muscle_group_in_workout;

drop table if exists muscle_group_lookup;

drop table if exists saved_categories;

drop table if exists saved_workouts;

drop table if exists train;

drop table if exists date_lookup;

drop table if exists user;

drop table if exists workout;

drop table if exists workout_category_lookup;




--
-- Table structure for table `date_lookup`
--


CREATE TABLE `date_lookup` (
  `date` date NOT NULL,
  `period` varchar(20) NOT NULL,
  `week` int NOT NULL,
  `day_num` int NOT NULL,
  `day_name` varchar(100) NOT NULL,
  PRIMARY KEY (`date`)
);

--
-- Dumping data for table `date_lookup`
--


INSERT INTO `date_lookup` VALUES ('2020-10-13','2.2',16,3,'שלישי'),('2020-10-14','2.2',16,4,'רביעי'),('2020-10-15','2.2',16,5,'חמישי'),('2020-10-16','2.2',16,6,'שישי'),('2020-10-17','2.2',16,7,'שבת'),('2020-10-18','2.2',17,1,'ראשון'),('2020-10-19','2.2',17,2,'שני'),('2020-10-20','2.2',17,3,'שלישי'),('2020-10-21','2.2',17,4,'רביעי'),('2020-10-22','2.2',17,5,'חמישי'),('2020-10-23','2.2',17,6,'שישי'),('2020-10-24','2.2',17,7,'שבת'),('2020-10-25','2.2',18,1,'ראשון'),('2020-10-26','2.2',18,2,'שני'),('2020-10-27','2.2',18,3,'שלישי'),('2020-10-28','2.2',18,4,'רביעי'),('2020-10-29','2.2',18,5,'חמישי'),('2020-10-30','2.2',18,6,'שישי'),('2020-10-31','2.2',18,7,'שבת'),('2020-11-01','2.2',19,1,'ראשון'),('2020-11-02','2.2',19,2,'שני'),('2020-11-03','2.2',19,3,'שלישי'),('2020-11-04','2.2',19,4,'רביעי'),('2020-11-05','2.2',19,5,'חמישי'),('2020-11-06','2.2',19,6,'שישי'),('2020-11-07','2.2',19,7,'שבת'),('2020-11-08','2.2',20,1,'ראשון'),('2020-11-09','2.2',20,2,'שני'),('2020-11-10','2.2',20,3,'שלישי'),('2020-11-11','2.2',20,4,'רביעי'),('2020-11-12','2.2',20,5,'חמישי'),('2020-11-13','2.2',20,6,'שישי'),('2020-11-14','2.2',20,7,'שבת'),('2020-11-15','2.2',21,1,'ראשון'),('2020-11-16','2.2',21,2,'שני'),('2020-11-17','2.2',21,3,'שלישי'),('2020-11-18','2.2',21,4,'רביעי'),('2020-11-19','2.2',21,5,'חמישי'),('2020-11-20','2.2',21,6,'שישי'),('2020-11-21','2.2',21,7,'שבת'),('2020-11-22','2.2',22,1,'ראשון'),('2020-11-23','2.2',22,2,'שני'),('2020-11-24','2.2',22,3,'שלישי'),('2020-11-25','2.2',22,4,'רביעי'),('2020-11-26','2.2',22,5,'חמישי'),('2020-11-27','2.2',22,6,'שישי'),('2020-11-28','2.2',22,7,'שבת'),('2020-11-29','2.2',23,1,'ראשון'),('2020-11-30','2.2',23,2,'שני'),('2020-12-01','2.2',23,3,'שלישי'),('2020-12-02','2.2',23,4,'רביעי'),('2020-12-03','2.2',23,5,'חמישי'),('2020-12-04','2.2',23,6,'שישי'),('2020-12-05','2.2',23,7,'שבת'),('2020-12-06','2.2',24,1,'ראשון'),('2020-12-07','2.2',24,2,'שני'),('2020-12-08','2.2',24,3,'שלישי'),('2020-12-09','2.2',24,4,'רביעי'),('2020-12-10','2.2',24,5,'חמישי'),('2020-12-11','2.2',24,6,'שישי'),('2020-12-12','2.2',24,7,'שבת'),('2020-12-13','2.2',25,1,'ראשון'),('2020-12-14','2.2',25,2,'שני'),('2020-12-15','2.2',25,3,'שלישי'),('2020-12-16','2.2',25,4,'רביעי'),('2020-12-17','2.2',25,5,'חמישי'),('2020-12-18','2.2',25,6,'שישי'),('2020-12-19','2.2',25,7,'שבת'),('2020-12-20','2.2',26,1,'ראשון'),('2020-12-21','2.2',26,2,'שני'),('2020-12-22','2.2',26,3,'שלישי'),('2020-12-23','2.2',26,4,'רביעי'),('2020-12-24','2.2',26,5,'חמישי'),('2020-12-25','2.2',26,6,'שישי'),('2020-12-26','2.2',26,7,'שבת'),('2020-12-27','2.2',1,1,'ראשון'),('2020-12-28','1.21',1,2,'שני'),('2020-12-29','1.21',1,3,'שלישי'),('2020-12-30','1.21',1,4,'רביעי'),('2020-12-31','1.21',1,5,'חמישי'),('2021-01-01','1.21',1,6,'שישי'),('2021-01-02','1.21',1,7,'שבת'),('2021-01-03','1.21',2,1,'ראשון'),('2021-01-04','1.21',2,2,'שני'),('2021-01-05','1.21',2,3,'שלישי'),('2021-01-06','1.21',2,4,'רביעי'),('2021-01-07','1.21',2,5,'חמישי'),('2021-01-08','1.21',2,6,'שישי'),('2021-01-09','1.21',2,7,'שבת'),('2021-01-10','1.21',3,1,'ראשון'),('2021-01-11','1.21',3,2,'שני'),('2021-01-12','1.21',3,3,'שלישי'),('2021-01-13','1.21',3,4,'רביעי'),('2021-01-14','1.21',3,5,'חמישי'),('2021-01-15','1.21',3,6,'שישי'),('2021-01-16','1.21',3,7,'שבת'),('2021-01-17','1.21',4,1,'ראשון'),('2021-01-18','1.21',4,2,'שני'),('2021-01-19','1.21',4,3,'שלישי'),('2021-01-20','1.21',4,4,'רביעי'),('2021-01-21','1.21',4,5,'חמישי'),('2021-01-22','1.21',4,6,'שישי'),('2021-01-23','1.21',4,7,'שבת'),('2021-01-24','1.21',5,1,'ראשון'),('2021-01-25','1.21',5,2,'שני'),('2021-01-26','1.21',5,3,'שלישי'),('2021-01-27','1.21',5,4,'רביעי'),('2021-01-28','1.21',5,5,'חמישי'),('2021-01-29','1.21',5,6,'שישי'),('2021-01-30','1.21',5,7,'שבת'),('2021-01-31','1.21',6,1,'ראשון'),('2021-02-01','1.21',6,2,'שני'),('2021-02-02','1.21',6,3,'שלישי'),('2021-02-03','1.21',6,4,'רביעי'),('2021-02-04','1.21',6,5,'חמישי'),('2021-02-05','1.21',6,6,'שישי'),('2021-02-06','1.21',6,7,'שבת'),('2021-02-07','1.21',7,1,'ראשון'),('2021-02-08','1.21',7,2,'שני'),('2021-02-09','1.21',7,3,'שלישי'),('2021-02-10','1.21',7,4,'רביעי'),('2021-02-11','1.21',7,5,'חמישי'),('2021-02-12','1.21',7,6,'שישי'),('2021-02-13','1.21',7,7,'שבת'),('2021-02-14','1.21',8,1,'ראשון'),('2021-02-15','1.21',8,2,'שני'),('2021-02-16','1.21',8,3,'שלישי'),('2021-02-17','1.21',8,4,'רביעי'),('2021-02-18','1.21',8,5,'חמישי'),('2021-02-19','1.21',8,6,'שישי'),('2021-02-20','1.21',8,7,'שבת'),('2021-02-21','1.21',9,1,'ראשון'),('2021-02-22','1.21',9,2,'שני'),('2021-02-23','1.21',9,3,'שלישי'),('2021-02-24','1.21',9,4,'רביעי'),('2021-02-25','1.21',9,5,'חמישי'),('2021-02-26','1.21',9,6,'שישי'),('2021-02-27','1.21',9,7,'שבת'),('2021-02-28','1.21',10,1,'ראשון'),('2021-03-01','1.21',10,2,'שני'),('2021-03-02','1.21',10,3,'שלישי'),('2021-03-03','1.21',10,4,'רביעי'),('2021-03-04','1.21',10,5,'חמישי'),('2021-03-05','1.21',10,6,'שישי'),('2021-03-06','1.21',10,7,'שבת'),('2021-03-07','1.21',11,1,'ראשון'),('2021-03-08','1.21',11,2,'שני'),('2021-03-09','1.21',11,3,'שלישי'),('2021-03-10','1.21',11,4,'רביעי'),('2021-03-11','1.21',11,5,'חמישי'),('2021-03-12','1.21',11,6,'שישי'),('2021-03-13','1.21',11,7,'שבת'),('2021-03-14','1.21',12,1,'ראשון'),('2021-03-15','1.21',12,2,'שני'),('2021-03-16','1.21',12,3,'שלישי'),('2021-03-17','1.21',12,4,'רביעי'),('2021-03-18','1.21',12,5,'חמישי'),('2021-03-19','1.21',12,6,'שישי'),('2021-03-20','1.21',12,7,'שבת'),('2021-03-21','1.21',13,1,'ראשון'),('2021-03-22','1.21',13,2,'שני'),('2021-03-23','1.21',13,3,'שלישי'),('2021-03-24','1.21',13,4,'רביעי'),('2021-03-25','1.21',13,5,'חמישי'),('2021-03-26','1.21',13,6,'שישי'),('2021-03-27','1.21',13,7,'שבת'),('2021-03-28','1.21',14,1,'ראשון'),('2021-03-29','1.21',14,2,'שני'),('2021-03-30','1.21',14,3,'שלישי'),('2021-03-31','1.21',14,4,'רביעי'),('2021-04-01','1.21',14,5,'חמישי'),('2021-04-02','1.21',14,6,'שישי'),('2021-04-03','1.21',14,7,'שבת'),('2021-04-04','1.21',15,1,'ראשון'),('2021-04-05','1.21',15,2,'שני'),('2021-04-06','1.21',15,3,'שלישי'),('2021-04-07','1.21',15,4,'רביעי'),('2021-04-08','1.21',15,5,'חמישי'),('2021-04-09','1.21',15,6,'שישי'),('2021-04-10','1.21',15,7,'שבת'),('2021-04-11','1.21',16,1,'ראשון'),('2021-04-12','1.21',16,2,'שני'),('2021-04-13','1.21',16,3,'שלישי'),('2021-04-14','1.21',16,4,'רביעי'),('2021-04-15','1.21',16,5,'חמישי'),('2021-04-16','1.21',16,6,'שישי'),('2021-04-17','1.21',16,7,'שבת'),('2021-04-18','1.21',17,1,'ראשון'),('2021-04-19','1.21',17,2,'שני'),('2021-04-20','1.21',17,3,'שלישי'),('2021-04-21','1.21',17,4,'רביעי'),('2021-04-22','1.21',17,5,'חמישי'),('2021-04-23','1.21',17,6,'שישי'),('2021-04-24','1.21',17,7,'שבת'),('2021-04-25','1.21',18,1,'ראשון'),('2021-04-26','1.21',18,2,'שני'),('2021-04-27','1.21',18,3,'שלישי'),('2021-04-28','1.21',18,4,'רביעי'),('2021-04-29','1.21',18,5,'חמישי'),('2021-04-30','1.21',18,6,'שישי'),('2021-05-01','1.21',18,7,'שבת'),('2021-05-02','1.21',19,1,'ראשון'),('2021-05-03','1.21',19,2,'שני'),('2021-05-04','1.21',19,3,'שלישי'),('2021-05-05','1.21',19,4,'רביעי'),('2021-05-06','1.21',19,5,'חמישי'),('2021-05-07','1.21',19,6,'שישי'),('2021-05-08','1.21',19,7,'שבת'),('2021-05-09','1.21',20,1,'ראשון'),('2021-05-10','1.21',20,2,'שני'),('2021-05-11','1.21',20,3,'שלישי'),('2021-05-12','1.21',20,4,'רביעי'),('2021-05-13','1.21',20,5,'חמישי'),('2021-05-14','1.21',20,6,'שישי'),('2021-05-15','1.21',20,7,'שבת'),('2021-05-16','1.21',21,1,'ראשון'),('2021-05-17','1.21',21,2,'שני'),('2021-05-18','1.21',21,3,'שלישי'),('2021-05-19','1.21',21,4,'רביעי'),('2021-05-20','1.21',21,5,'חמישי'),('2021-05-21','1.21',21,6,'שישי'),('2021-05-22','1.21',21,7,'שבת'),('2021-05-23','1.21',22,1,'ראשון'),('2021-05-24','1.21',22,2,'שני'),('2021-05-25','1.21',22,3,'שלישי'),('2021-05-26','1.21',22,4,'רביעי'),('2021-05-27','1.21',22,5,'חמישי'),('2021-05-28','1.21',22,6,'שישי'),('2021-05-29','1.21',22,7,'שבת'),('2021-05-30','1.21',23,1,'ראשון'),('2021-05-31','1.21',23,2,'שני'),('2021-06-01','1.21',23,3,'שלישי'),('2021-06-02','1.21',23,4,'רביעי'),('2021-06-03','1.21',23,5,'חמישי'),('2021-06-04','1.21',23,6,'שישי'),('2021-06-05','1.21',23,7,'שבת'),('2021-06-06','1.21',24,1,'ראשון'),('2021-06-07','1.21',24,2,'שני'),('2021-06-08','1.21',24,3,'שלישי'),('2021-06-09','1.21',24,4,'רביעי'),('2021-06-10','1.21',24,5,'חמישי'),('2021-06-11','1.21',24,6,'שישי'),('2021-06-12','1.21',24,7,'שבת'),('2021-06-13','1.21',25,1,'ראשון'),('2021-06-14','1.21',25,2,'שני'),('2021-06-15','1.21',25,3,'שלישי'),('2021-06-16','1.21',25,4,'רביעי'),('2021-06-17','1.21',25,5,'חמישי'),('2021-06-18','1.21',25,6,'שישי'),('2021-06-19','1.21',25,7,'שבת'),('2021-06-20','1.21',26,1,'ראשון'),('2021-06-21','1.21',26,2,'שני'),('2021-06-22','1.21',26,3,'שלישי'),('2021-06-23','1.21',26,4,'רביעי'),('2021-06-24','1.21',26,5,'חמישי'),('2021-06-25','1.21',26,6,'שישי'),('2021-06-26','1.21',26,7,'שבת'),('2021-06-27','1.21',1,1,'ראשון'),('2021-06-28','2.21',1,2,'שני'),('2021-06-29','2.21',1,3,'שלישי'),('2021-06-30','2.21',1,4,'רביעי'),('2021-07-01','2.21',1,5,'חמישי'),('2021-07-02','2.21',1,6,'שישי'),('2021-07-03','2.21',1,7,'שבת'),('2021-07-04','2.21',2,1,'ראשון'),('2021-07-05','2.21',2,2,'שני'),('2021-07-06','2.21',2,3,'שלישי'),('2021-07-07','2.21',2,4,'רביעי'),('2021-07-08','2.21',2,5,'חמישי'),('2021-07-09','2.21',2,6,'שישי'),('2021-07-10','2.21',2,7,'שבת'),('2021-07-11','2.21',3,1,'ראשון'),('2021-07-12','2.21',3,2,'שני'),('2021-07-13','2.21',3,3,'שלישי'),('2021-07-14','2.21',3,4,'רביעי'),('2021-07-15','2.21',3,5,'חמישי'),('2021-07-16','2.21',3,6,'שישי'),('2021-07-17','2.21',3,7,'שבת'),('2021-07-18','2.21',4,1,'ראשון'),('2021-07-19','2.21',4,2,'שני'),('2021-07-20','2.21',4,3,'שלישי'),('2021-07-21','2.21',4,4,'רביעי'),('2021-07-22','2.21',4,5,'חמישי'),('2021-07-23','2.21',4,6,'שישי'),('2021-07-24','2.21',4,7,'שבת'),('2021-07-25','2.21',5,1,'ראשון'),('2021-07-26','2.21',5,2,'שני'),('2021-07-27','2.21',5,3,'שלישי'),('2021-07-28','2.21',5,4,'רביעי'),('2021-07-29','2.21',5,5,'חמישי'),('2021-07-30','2.21',5,6,'שישי'),('2021-07-31','2.21',5,7,'שבת'),('2021-08-01','2.21',6,1,'ראשון'),('2021-08-02','2.21',6,2,'שני'),('2021-08-03','2.21',6,3,'שלישי'),('2021-08-04','2.21',6,4,'רביעי'),('2021-08-05','2.21',6,5,'חמישי'),('2021-08-06','2.21',6,6,'שישי'),('2021-08-07','2.21',6,7,'שבת'),('2021-08-08','2.21',7,1,'ראשון'),('2021-08-09','2.21',7,2,'שני'),('2021-08-10','2.21',7,3,'שלישי'),('2021-08-11','2.21',7,4,'רביעי'),('2021-08-12','2.21',7,5,'חמישי'),('2021-08-13','2.21',7,6,'שישי'),('2021-08-14','2.21',7,7,'שבת'),('2021-08-15','2.21',8,1,'ראשון'),('2021-08-16','2.21',8,2,'שני'),('2021-08-17','2.21',8,3,'שלישי'),('2021-08-18','2.21',8,4,'רביעי'),('2021-08-19','2.21',8,5,'חמישי'),('2021-08-20','2.21',8,6,'שישי'),('2021-08-21','2.21',8,7,'שבת'),('2021-08-22','2.21',9,1,'ראשון'),('2021-08-23','2.21',9,2,'שני'),('2021-08-24','2.21',9,3,'שלישי'),('2021-08-25','2.21',9,4,'רביעי'),('2021-08-26','2.21',9,5,'חמישי'),('2021-08-27','2.21',9,6,'שישי'),('2021-08-28','2.21',9,7,'שבת'),('2021-08-29','2.21',10,1,'ראשון'),('2021-08-30','2.21',10,2,'שני'),('2021-08-31','2.21',10,3,'שלישי'),('2021-09-01','2.21',10,4,'רביעי'),('2021-09-02','2.21',10,5,'חמישי'),('2021-09-03','2.21',10,6,'שישי'),('2021-09-04','2.21',10,7,'שבת'),('2021-09-05','2.21',11,1,'ראשון'),('2021-09-06','2.21',11,2,'שני'),('2021-09-07','2.21',11,3,'שלישי'),('2021-09-08','2.21',11,4,'רביעי'),('2021-09-09','2.21',11,5,'חמישי'),('2021-09-10','2.21',11,6,'שישי'),('2021-09-11','2.21',11,7,'שבת'),('2021-09-12','2.21',12,1,'ראשון'),('2021-09-13','2.21',12,2,'שני'),('2021-09-14','2.21',12,3,'שלישי'),('2021-09-15','2.21',12,4,'רביעי'),('2021-09-16','2.21',12,5,'חמישי'),('2021-09-17','2.21',12,6,'שישי'),('2021-09-18','2.21',12,7,'שבת'),('2021-09-19','2.21',13,1,'ראשון'),('2021-09-20','2.21',13,2,'שני'),('2021-09-21','2.21',13,3,'שלישי'),('2021-09-22','2.21',13,4,'רביעי'),('2021-09-23','2.21',13,5,'חמישי'),('2021-09-24','2.21',13,6,'שישי'),('2021-09-25','2.21',13,7,'שבת'),('2021-09-26','2.21',14,1,'ראשון'),('2021-09-27','2.21',14,2,'שני'),('2021-09-28','2.21',14,3,'שלישי'),('2021-09-29','2.21',14,4,'רביעי'),('2021-09-30','2.21',14,5,'חמישי'),('2021-10-01','2.21',14,6,'שישי'),('2021-10-02','2.21',14,7,'שבת'),('2021-10-03','2.21',15,1,'ראשון'),('2021-10-04','2.21',15,2,'שני'),('2021-10-05','2.21',15,3,'שלישי'),('2021-10-06','2.21',15,4,'רביעי'),('2021-10-07','2.21',15,5,'חמישי'),('2021-10-08','2.21',15,6,'שישי'),('2021-10-09','2.21',15,7,'שבת'),('2021-10-10','2.21',16,1,'ראשון'),('2021-10-11','2.21',16,2,'שני'),('2021-10-12','2.21',16,3,'שלישי'),('2021-10-13','2.21',16,4,'רביעי'),('2021-10-14','2.21',16,5,'חמישי'),('2021-10-15','2.21',16,6,'שישי'),('2021-10-16','2.21',16,7,'שבת'),('2021-10-17','2.21',17,1,'ראשון'),('2021-10-18','2.21',17,2,'שני'),('2021-10-19','2.21',17,3,'שלישי'),('2021-10-20','2.21',17,4,'רביעי'),('2021-10-21','2.21',17,5,'חמישי'),('2021-10-22','2.21',17,6,'שישי'),('2021-10-23','2.21',17,7,'שבת'),('2021-10-24','2.21',18,1,'ראשון'),('2021-10-25','2.21',18,2,'שני'),('2021-10-26','2.21',18,3,'שלישי'),('2021-10-27','2.21',18,4,'רביעי'),('2021-10-28','2.21',18,5,'חמישי'),('2021-10-29','2.21',18,6,'שישי'),('2021-10-30','2.21',18,7,'שבת'),('2021-10-31','2.21',19,1,'ראשון'),('2021-11-01','2.21',19,2,'שני'),('2021-11-02','2.21',19,3,'שלישי'),('2021-11-03','2.21',19,4,'רביעי'),('2021-11-04','2.21',19,5,'חמישי'),('2021-11-05','2.21',19,6,'שישי'),('2021-11-06','2.21',19,7,'שבת'),('2021-11-07','2.21',20,1,'ראשון'),('2021-11-08','2.21',20,2,'שני'),('2021-11-09','2.21',20,3,'שלישי'),('2021-11-10','2.21',20,4,'רביעי'),('2021-11-11','2.21',20,5,'חמישי'),('2021-11-12','2.21',20,6,'שישי'),('2021-11-13','2.21',20,7,'שבת'),('2021-11-14','2.21',21,1,'ראשון'),('2021-11-15','2.21',21,2,'שני'),('2021-11-16','2.21',21,3,'שלישי'),('2021-11-17','2.21',21,4,'רביעי'),('2021-11-18','2.21',21,5,'חמישי'),('2021-11-19','2.21',21,6,'שישי'),('2021-11-20','2.21',21,7,'שבת'),('2021-11-21','2.21',22,1,'ראשון'),('2021-11-22','2.21',22,2,'שני'),('2021-11-23','2.21',22,3,'שלישי'),('2021-11-24','2.21',22,4,'רביעי'),('2021-11-25','2.21',22,5,'חמישי'),('2021-11-26','2.21',22,6,'שישי'),('2021-11-27','2.21',22,7,'שבת'),('2021-11-28','2.21',23,1,'ראשון'),('2021-11-29','2.21',23,2,'שני'),('2021-11-30','2.21',23,3,'שלישי'),('2021-12-01','2.21',23,4,'רביעי'),('2021-12-02','2.21',23,5,'חמישי'),('2021-12-03','2.21',23,6,'שישי'),('2021-12-04','2.21',23,7,'שבת'),('2021-12-05','2.21',24,1,'ראשון'),('2021-12-06','2.21',24,2,'שני'),('2021-12-07','2.21',24,3,'שלישי'),('2021-12-08','2.21',24,4,'רביעי'),('2021-12-09','2.21',24,5,'חמישי'),('2021-12-10','2.21',24,6,'שישי'),('2021-12-11','2.21',24,7,'שבת'),('2021-12-12','2.21',25,1,'ראשון'),('2021-12-13','2.21',25,2,'שני'),('2021-12-14','2.21',25,3,'שלישי'),('2021-12-15','2.21',25,4,'רביעי'),('2021-12-16','2.21',25,5,'חמישי'),('2021-12-17','2.21',25,6,'שישי'),('2021-12-18','2.21',25,7,'שבת'),('2021-12-19','2.21',26,1,'ראשון'),('2021-12-20','2.21',26,2,'שני'),('2021-12-21','2.21',26,3,'שלישי'),('2021-12-22','2.21',26,4,'רביעי'),('2021-12-23','2.21',26,5,'חמישי'),('2021-12-24','2.21',26,6,'שישי'),('2021-12-25','2.21',26,7,'שבת'),('2021-12-26','2.21',1,1,'ראשון'),('2021-12-27','1.22',1,2,'שני'),('2021-12-28','1.22',1,3,'שלישי'),('2021-12-29','1.22',1,4,'רביעי'),('2021-12-30','1.22',1,5,'חמישי'),('2021-12-31','1.22',1,6,'שישי'),('2022-01-01','1.22',1,7,'שבת'),('2022-01-02','1.22',2,1,'ראשון'),('2022-01-03','1.22',2,2,'שני'),('2022-01-04','1.22',2,3,'שלישי'),('2022-01-05','1.22',2,4,'רביעי'),('2022-01-06','1.22',2,5,'חמישי'),('2022-01-07','1.22',2,6,'שישי'),('2022-01-08','1.22',2,7,'שבת'),('2022-01-09','1.22',3,1,'ראשון'),('2022-01-10','1.22',3,2,'שני'),('2022-01-11','1.22',3,3,'שלישי'),('2022-01-12','1.22',3,4,'רביעי'),('2022-01-13','1.22',3,5,'חמישי'),('2022-01-14','1.22',3,6,'שישי'),('2022-01-15','1.22',3,7,'שבת'),('2022-01-16','1.22',4,1,'ראשון'),('2022-01-17','1.22',4,2,'שני'),('2022-01-18','1.22',4,3,'שלישי'),('2022-01-19','1.22',4,4,'רביעי'),('2022-01-20','1.22',4,5,'חמישי'),('2022-01-21','1.22',4,6,'שישי'),('2022-01-22','1.22',4,7,'שבת'),('2022-01-23','1.22',5,1,'ראשון'),('2022-01-24','1.22',5,2,'שני'),('2022-01-25','1.22',5,3,'שלישי'),('2022-01-26','1.22',5,4,'רביעי'),('2022-01-27','1.22',5,5,'חמישי'),('2022-01-28','1.22',5,6,'שישי'),('2022-01-29','1.22',5,7,'שבת'),('2022-01-30','1.22',6,1,'ראשון'),('2022-01-31','1.22',6,2,'שני'),('2022-02-01','1.22',6,3,'שלישי'),('2022-02-02','1.22',6,4,'רביעי'),('2022-02-03','1.22',6,5,'חמישי'),('2022-02-04','1.22',6,6,'שישי'),('2022-02-05','1.22',6,7,'שבת'),('2022-02-06','1.22',7,1,'ראשון'),('2022-02-07','1.22',7,2,'שני'),('2022-02-08','1.22',7,3,'שלישי'),('2022-02-09','1.22',7,4,'רביעי'),('2022-02-10','1.22',7,5,'חמישי'),('2022-02-11','1.22',7,6,'שישי'),('2022-02-12','1.22',7,7,'שבת'),('2022-02-13','1.22',8,1,'ראשון'),('2022-02-14','1.22',8,2,'שני'),('2022-02-15','1.22',8,3,'שלישי'),('2022-02-16','1.22',8,4,'רביעי'),('2022-02-17','1.22',8,5,'חמישי'),('2022-02-18','1.22',8,6,'שישי'),('2022-02-19','1.22',8,7,'שבת'),('2022-02-20','1.22',9,1,'ראשון'),('2022-02-21','1.22',9,2,'שני'),('2022-02-22','1.22',9,3,'שלישי'),('2022-02-23','1.22',9,4,'רביעי'),('2022-02-24','1.22',9,5,'חמישי'),('2022-02-25','1.22',9,6,'שישי'),('2022-02-26','1.22',9,7,'שבת'),('2022-02-27','1.22',10,1,'ראשון'),('2022-02-28','1.22',10,2,'שני'),('2022-03-01','1.22',10,3,'שלישי'),('2022-03-02','1.22',10,4,'רביעי'),('2022-03-03','1.22',10,5,'חמישי'),('2022-03-04','1.22',10,6,'שישי'),('2022-03-05','1.22',10,7,'שבת'),('2022-03-06','1.22',11,1,'ראשון'),('2022-03-07','1.22',11,2,'שני'),('2022-03-08','1.22',11,3,'שלישי'),('2022-03-09','1.22',11,4,'רביעי'),('2022-03-10','1.22',11,5,'חמישי'),('2022-03-11','1.22',11,6,'שישי'),('2022-03-12','1.22',11,7,'שבת'),('2022-03-13','1.22',12,1,'ראשון'),('2022-03-14','1.22',12,2,'שני'),('2022-03-15','1.22',12,3,'שלישי'),('2022-03-16','1.22',12,4,'רביעי'),('2022-03-17','1.22',12,5,'חמישי'),('2022-03-18','1.22',12,6,'שישי'),('2022-03-19','1.22',12,7,'שבת'),('2022-03-20','1.22',13,1,'ראשון'),('2022-03-21','1.22',13,2,'שני'),('2022-03-22','1.22',13,3,'שלישי'),('2022-03-23','1.22',13,4,'רביעי'),('2022-03-24','1.22',13,5,'חמישי'),('2022-03-25','1.22',13,6,'שישי'),('2022-03-26','1.22',13,7,'שבת'),('2022-03-27','1.22',14,1,'ראשון'),('2022-03-28','1.22',14,2,'שני'),('2022-03-29','1.22',14,3,'שלישי'),('2022-03-30','1.22',14,4,'רביעי'),('2022-03-31','1.22',14,5,'חמישי'),('2022-04-01','1.22',14,6,'שישי'),('2022-04-02','1.22',14,7,'שבת'),('2022-04-03','1.22',15,1,'ראשון'),('2022-04-04','1.22',15,2,'שני'),('2022-04-05','1.22',15,3,'שלישי'),('2022-04-06','1.22',15,4,'רביעי'),('2022-04-07','1.22',15,5,'חמישי'),('2022-04-08','1.22',15,6,'שישי'),('2022-04-09','1.22',15,7,'שבת'),('2022-04-10','1.22',16,1,'ראשון'),('2022-04-11','1.22',16,2,'שני'),('2022-04-12','1.22',16,3,'שלישי'),('2022-04-13','1.22',16,4,'רביעי'),('2022-04-14','1.22',16,5,'חמישי'),('2022-04-15','1.22',16,6,'שישי'),('2022-04-16','1.22',16,7,'שבת'),('2022-04-17','1.22',17,1,'ראשון'),('2022-04-18','1.22',17,2,'שני'),('2022-04-19','1.22',17,3,'שלישי'),('2022-04-20','1.22',17,4,'רביעי'),('2022-04-21','1.22',17,5,'חמישי'),('2022-04-22','1.22',17,6,'שישי'),('2022-04-23','1.22',17,7,'שבת'),('2022-04-24','1.22',18,1,'ראשון'),('2022-04-25','1.22',18,2,'שני'),('2022-04-26','1.22',18,3,'שלישי'),('2022-04-27','1.22',18,4,'רביעי'),('2022-04-28','1.22',18,5,'חמישי'),('2022-04-29','1.22',18,6,'שישי'),('2022-04-30','1.22',18,7,'שבת'),('2022-05-01','1.22',19,1,'ראשון'),('2022-05-02','1.22',19,2,'שני'),('2022-05-03','1.22',19,3,'שלישי'),('2022-05-04','1.22',19,4,'רביעי'),('2022-05-05','1.22',19,5,'חמישי'),('2022-05-06','1.22',19,6,'שישי'),('2022-05-07','1.22',19,7,'שבת'),('2022-05-08','1.22',20,1,'ראשון'),('2022-05-09','1.22',20,2,'שני'),('2022-05-10','1.22',20,3,'שלישי'),('2022-05-11','1.22',20,4,'רביעי'),('2022-05-12','1.22',20,5,'חמישי'),('2022-05-13','1.22',20,6,'שישי'),('2022-05-14','1.22',20,7,'שבת'),('2022-05-15','1.22',21,1,'ראשון'),('2022-05-16','1.22',21,2,'שני'),('2022-05-17','1.22',21,3,'שלישי'),('2022-05-18','1.22',21,4,'רביעי'),('2022-05-19','1.22',21,5,'חמישי'),('2022-05-20','1.22',21,6,'שישי'),('2022-05-21','1.22',21,7,'שבת'),('2022-05-22','1.22',22,1,'ראשון'),('2022-05-23','1.22',22,2,'שני'),('2022-05-24','1.22',22,3,'שלישי'),('2022-05-25','1.22',22,4,'רביעי'),('2022-05-26','1.22',22,5,'חמישי'),('2022-05-27','1.22',22,6,'שישי'),('2022-05-28','1.22',22,7,'שבת'),('2022-05-29','1.22',23,1,'ראשון'),('2022-05-30','1.22',23,2,'שני'),('2022-05-31','1.22',23,3,'שלישי'),('2022-06-01','1.22',23,4,'רביעי'),('2022-06-02','1.22',23,5,'חמישי'),('2022-06-03','1.22',23,6,'שישי'),('2022-06-04','1.22',23,7,'שבת'),('2022-06-05','1.22',24,1,'ראשון'),('2022-06-06','1.22',24,2,'שני'),('2022-06-07','1.22',24,3,'שלישי'),('2022-06-08','1.22',24,4,'רביעי'),('2022-06-09','1.22',24,5,'חמישי'),('2022-06-10','1.22',24,6,'שישי'),('2022-06-11','1.22',24,7,'שבת'),('2022-06-12','1.22',25,1,'ראשון'),('2022-06-13','1.22',25,2,'שני'),('2022-06-14','1.22',25,3,'שלישי'),('2022-06-15','1.22',25,4,'רביעי'),('2022-06-16','1.22',25,5,'חמישי'),('2022-06-17','1.22',25,6,'שישי'),('2022-06-18','1.22',25,7,'שבת'),('2022-06-19','1.22',26,1,'ראשון'),('2022-06-20','1.22',26,2,'שני'),('2022-06-21','1.22',26,3,'שלישי'),('2022-06-22','1.22',26,4,'רביעי'),('2022-06-23','1.22',26,5,'חמישי'),('2022-06-24','1.22',26,6,'שישי'),('2022-06-25','1.22',26,7,'שבת'),('2022-06-26','1.22',1,1,'ראשון'),('2022-06-27','2.22',1,2,'שני'),('2022-06-28','2.22',1,3,'שלישי'),('2022-06-29','2.22',1,4,'רביעי'),('2022-06-30','2.22',1,5,'חמישי'),('2022-07-01','2.22',1,6,'שישי'),('2022-07-02','2.22',1,7,'שבת'),('2022-07-03','2.22',2,1,'ראשון'),('2022-07-04','2.22',2,2,'שני'),('2022-07-05','2.22',2,3,'שלישי'),('2022-07-06','2.22',2,4,'רביעי'),('2022-07-07','2.22',2,5,'חמישי'),('2022-07-08','2.22',2,6,'שישי'),('2022-07-09','2.22',2,7,'שבת'),('2022-07-10','2.22',3,1,'ראשון'),('2022-07-11','2.22',3,2,'שני'),('2022-07-12','2.22',3,3,'שלישי'),('2022-07-13','2.22',3,4,'רביעי'),('2022-07-14','2.22',3,5,'חמישי'),('2022-07-15','2.22',3,6,'שישי'),('2022-07-16','2.22',3,7,'שבת'),('2022-07-17','2.22',4,1,'ראשון'),('2022-07-18','2.22',4,2,'שני'),('2022-07-19','2.22',4,3,'שלישי'),('2022-07-20','2.22',4,4,'רביעי'),('2022-07-21','2.22',4,5,'חמישי'),('2022-07-22','2.22',4,6,'שישי'),('2022-07-23','2.22',4,7,'שבת'),('2022-07-24','2.22',5,1,'ראשון'),('2022-07-25','2.22',5,2,'שני'),('2022-07-26','2.22',5,3,'שלישי'),('2022-07-27','2.22',5,4,'רביעי'),('2022-07-28','2.22',5,5,'חמישי'),('2022-07-29','2.22',5,6,'שישי'),('2022-07-30','2.22',5,7,'שבת'),('2022-07-31','2.22',6,1,'ראשון'),('2022-08-01','2.22',6,2,'שני'),('2022-08-02','2.22',6,3,'שלישי'),('2022-08-03','2.22',6,4,'רביעי'),('2022-08-04','2.22',6,5,'חמישי'),('2022-08-05','2.22',6,6,'שישי'),('2022-08-06','2.22',6,7,'שבת'),('2022-08-07','2.22',7,1,'ראשון'),('2022-08-08','2.22',7,2,'שני'),('2022-08-09','2.22',7,3,'שלישי'),('2022-08-10','2.22',7,4,'רביעי'),('2022-08-11','2.22',7,5,'חמישי'),('2022-08-12','2.22',7,6,'שישי'),('2022-08-13','2.22',7,7,'שבת'),('2022-08-14','2.22',8,1,'ראשון'),('2022-08-15','2.22',8,2,'שני'),('2022-08-16','2.22',8,3,'שלישי'),('2022-08-17','2.22',8,4,'רביעי'),('2022-08-18','2.22',8,5,'חמישי'),('2022-08-19','2.22',8,6,'שישי'),('2022-08-20','2.22',8,7,'שבת'),('2022-08-21','2.22',9,1,'ראשון'),('2022-08-22','2.22',9,2,'שני'),('2022-08-23','2.22',9,3,'שלישי'),('2022-08-24','2.22',9,4,'רביעי'),('2022-08-25','2.22',9,5,'חמישי'),('2022-08-26','2.22',9,6,'שישי'),('2022-08-27','2.22',9,7,'שבת'),('2022-08-28','2.22',10,1,'ראשון'),('2022-08-29','2.22',10,2,'שני'),('2022-08-30','2.22',10,3,'שלישי'),('2022-08-31','2.22',10,4,'רביעי'),('2022-09-01','2.22',10,5,'חמישי'),('2022-09-02','2.22',10,6,'שישי'),('2022-09-03','2.22',10,7,'שבת'),('2022-09-04','2.22',11,1,'ראשון'),('2022-09-05','2.22',11,2,'שני'),('2022-09-06','2.22',11,3,'שלישי'),('2022-09-07','2.22',11,4,'רביעי'),('2022-09-08','2.22',11,5,'חמישי'),('2022-09-09','2.22',11,6,'שישי'),('2022-09-10','2.22',11,7,'שבת'),('2022-09-11','2.22',12,1,'ראשון'),('2022-09-12','2.22',12,2,'שני'),('2022-09-13','2.22',12,3,'שלישי'),('2022-09-14','2.22',12,4,'רביעי'),('2022-09-15','2.22',12,5,'חמישי'),('2022-09-16','2.22',12,6,'שישי'),('2022-09-17','2.22',12,7,'שבת'),('2022-09-18','2.22',13,1,'ראשון'),('2022-09-19','2.22',13,2,'שני'),('2022-09-20','2.22',13,3,'שלישי'),('2022-09-21','2.22',13,4,'רביעי'),('2022-09-22','2.22',13,5,'חמישי'),('2022-09-23','2.22',13,6,'שישי'),('2022-09-24','2.22',13,7,'שבת'),('2022-09-25','2.22',14,1,'ראשון'),('2022-09-26','2.22',14,2,'שני'),('2022-09-27','2.22',14,3,'שלישי'),('2022-09-28','2.22',14,4,'רביעי'),('2022-09-29','2.22',14,5,'חמישי'),('2022-09-30','2.22',14,6,'שישי'),('2022-10-01','2.22',14,7,'שבת'),('2022-10-02','2.22',15,1,'ראשון'),('2022-10-03','2.22',15,2,'שני'),('2022-10-04','2.22',15,3,'שלישי'),('2022-10-05','2.22',15,4,'רביעי'),('2022-10-06','2.22',15,5,'חמישי'),('2022-10-07','2.22',15,6,'שישי'),('2022-10-08','2.22',15,7,'שבת'),('2022-10-09','2.22',16,1,'ראשון'),('2022-10-10','2.22',16,2,'שני'),('2022-10-11','2.22',16,3,'שלישי'),('2022-10-12','2.22',16,4,'רביעי'),('2022-10-13','2.22',16,5,'חמישי'),('2022-10-14','2.22',16,6,'שישי'),('2022-10-15','2.22',16,7,'שבת'),('2022-10-16','2.22',17,1,'ראשון'),('2022-10-17','2.22',17,2,'שני'),('2022-10-18','2.22',17,3,'שלישי'),('2022-10-19','2.22',17,4,'רביעי'),('2022-10-20','2.22',17,5,'חמישי'),('2022-10-21','2.22',17,6,'שישי'),('2022-10-22','2.22',17,7,'שבת'),('2022-10-23','2.22',18,1,'ראשון'),('2022-10-24','2.22',18,2,'שני'),('2022-10-25','2.22',18,3,'שלישי'),('2022-10-26','2.22',18,4,'רביעי'),('2022-10-27','2.22',18,5,'חמישי'),('2022-10-28','2.22',18,6,'שישי'),('2022-10-29','2.22',18,7,'שבת'),('2022-10-30','2.22',19,1,'ראשון'),('2022-10-31','2.22',19,2,'שני'),('2022-11-01','2.22',19,3,'שלישי'),('2022-11-02','2.22',19,4,'רביעי'),('2022-11-03','2.22',19,5,'חמישי'),('2022-11-04','2.22',19,6,'שישי'),('2022-11-05','2.22',19,7,'שבת'),('2022-11-06','2.22',20,1,'ראשון'),('2022-11-07','2.22',20,2,'שני'),('2022-11-08','2.22',20,3,'שלישי'),('2022-11-09','2.22',20,4,'רביעי'),('2022-11-10','2.22',20,5,'חמישי'),('2022-11-11','2.22',20,6,'שישי'),('2022-11-12','2.22',20,7,'שבת'),('2022-11-13','2.22',21,1,'ראשון'),('2022-11-14','2.22',21,2,'שני'),('2022-11-15','2.22',21,3,'שלישי'),('2022-11-16','2.22',21,4,'רביעי'),('2022-11-17','2.22',21,5,'חמישי'),('2022-11-18','2.22',21,6,'שישי'),('2022-11-19','2.22',21,7,'שבת'),('2022-11-20','2.22',22,1,'ראשון'),('2022-11-21','2.22',22,2,'שני'),('2022-11-22','2.22',22,3,'שלישי'),('2022-11-23','2.22',22,4,'רביעי'),('2022-11-24','2.22',22,5,'חמישי'),('2022-11-25','2.22',22,6,'שישי'),('2022-11-26','2.22',22,7,'שבת'),('2022-11-27','2.22',23,1,'ראשון'),('2022-11-28','2.22',23,2,'שני'),('2022-11-29','2.22',23,3,'שלישי'),('2022-11-30','2.22',23,4,'רביעי'),('2022-12-01','2.22',23,5,'חמישי'),('2022-12-02','2.22',23,6,'שישי'),('2022-12-03','2.22',23,7,'שבת'),('2022-12-04','2.22',24,1,'ראשון'),('2022-12-05','2.22',24,2,'שני'),('2022-12-06','2.22',24,3,'שלישי'),('2022-12-07','2.22',24,4,'רביעי'),('2022-12-08','2.22',24,5,'חמישי'),('2022-12-09','2.22',24,6,'שישי'),('2022-12-10','2.22',24,7,'שבת'),('2022-12-11','2.22',25,1,'ראשון'),('2022-12-12','2.22',25,2,'שני'),('2022-12-13','2.22',25,3,'שלישי'),('2022-12-14','2.22',25,4,'רביעי'),('2022-12-15','2.22',25,5,'חמישי'),('2022-12-16','2.22',25,6,'שישי'),('2022-12-17','2.22',25,7,'שבת'),('2022-12-18','2.22',26,1,'ראשון'),('2022-12-19','2.22',26,2,'שני'),('2022-12-20','2.22',26,3,'שלישי'),('2022-12-21','2.22',26,4,'רביעי'),('2022-12-22','2.22',26,5,'חמישי'),('2022-12-23','2.22',26,6,'שישי'),('2022-12-24','2.22',26,7,'שבת'),('2022-12-25','2.22',1,1,'ראשון'),('2022-12-26','1.23',1,2,'שני'),('2022-12-27','1.23',1,3,'שלישי'),('2022-12-28','1.23',1,4,'רביעי'),('2022-12-29','1.23',1,5,'חמישי'),('2022-12-30','1.23',1,6,'שישי'),('2022-12-31','1.23',1,7,'שבת'),('2023-01-01','1.23',2,1,'ראשון'),('2023-01-02','1.23',2,2,'שני'),('2023-01-03','1.23',2,3,'שלישי'),('2023-01-04','1.23',2,4,'רביעי'),('2023-01-05','1.23',2,5,'חמישי'),('2023-01-06','1.23',2,6,'שישי'),('2023-01-07','1.23',2,7,'שבת'),('2023-01-08','1.23',3,1,'ראשון'),('2023-01-09','1.23',3,2,'שני'),('2023-01-10','1.23',3,3,'שלישי'),('2023-01-11','1.23',3,4,'רביעי'),('2023-01-12','1.23',3,5,'חמישי'),('2023-01-13','1.23',3,6,'שישי'),('2023-01-14','1.23',3,7,'שבת'),('2023-01-15','1.23',4,1,'ראשון'),('2023-01-16','1.23',4,2,'שני'),('2023-01-17','1.23',4,3,'שלישי'),('2023-01-18','1.23',4,4,'רביעי'),('2023-01-19','1.23',4,5,'חמישי'),('2023-01-20','1.23',4,6,'שישי'),('2023-01-21','1.23',4,7,'שבת'),('2023-01-22','1.23',5,1,'ראשון'),('2023-01-23','1.23',5,2,'שני'),('2023-01-24','1.23',5,3,'שלישי'),('2023-01-25','1.23',5,4,'רביעי'),('2023-01-26','1.23',5,5,'חמישי'),('2023-01-27','1.23',5,6,'שישי'),('2023-01-28','1.23',5,7,'שבת'),('2023-01-29','1.23',6,1,'ראשון'),('2023-01-30','1.23',6,2,'שני'),('2023-01-31','1.23',6,3,'שלישי'),('2023-02-01','1.23',6,4,'רביעי'),('2023-02-02','1.23',6,5,'חמישי'),('2023-02-03','1.23',6,6,'שישי'),('2023-02-04','1.23',6,7,'שבת'),('2023-02-05','1.23',7,1,'ראשון'),('2023-02-06','1.23',7,2,'שני'),('2023-02-07','1.23',7,3,'שלישי'),('2023-02-08','1.23',7,4,'רביעי'),('2023-02-09','1.23',7,5,'חמישי'),('2023-02-10','1.23',7,6,'שישי'),('2023-02-11','1.23',7,7,'שבת'),('2023-02-12','1.23',8,1,'ראשון'),('2023-02-13','1.23',8,2,'שני'),('2023-02-14','1.23',8,3,'שלישי'),('2023-02-15','1.23',8,4,'רביעי'),('2023-02-16','1.23',8,5,'חמישי'),('2023-02-17','1.23',8,6,'שישי'),('2023-02-18','1.23',8,7,'שבת'),('2023-02-19','1.23',9,1,'ראשון'),('2023-02-20','1.23',9,2,'שני'),('2023-02-21','1.23',9,3,'שלישי'),('2023-02-22','1.23',9,4,'רביעי'),('2023-02-23','1.23',9,5,'חמישי'),('2023-02-24','1.23',9,6,'שישי'),('2023-02-25','1.23',9,7,'שבת'),('2023-02-26','1.23',10,1,'ראשון'),('2023-02-27','1.23',10,2,'שני'),('2023-02-28','1.23',10,3,'שלישי'),('2023-03-01','1.23',10,4,'רביעי'),('2023-03-02','1.23',10,5,'חמישי'),('2023-03-03','1.23',10,6,'שישי'),('2023-03-04','1.23',10,7,'שבת'),('2023-03-05','1.23',11,1,'ראשון'),('2023-03-06','1.23',11,2,'שני'),('2023-03-07','1.23',11,3,'שלישי'),('2023-03-08','1.23',11,4,'רביעי'),('2023-03-09','1.23',11,5,'חמישי'),('2023-03-10','1.23',11,6,'שישי'),('2023-03-11','1.23',11,7,'שבת'),('2023-03-12','1.23',12,1,'ראשון'),('2023-03-13','1.23',12,2,'שני'),('2023-03-14','1.23',12,3,'שלישי'),('2023-03-15','1.23',12,4,'רביעי'),('2023-03-16','1.23',12,5,'חמישי'),('2023-03-17','1.23',12,6,'שישי'),('2023-03-18','1.23',12,7,'שבת'),('2023-03-19','1.23',13,1,'ראשון'),('2023-03-20','1.23',13,2,'שני'),('2023-03-21','1.23',13,3,'שלישי'),('2023-03-22','1.23',13,4,'רביעי'),('2023-03-23','1.23',13,5,'חמישי'),('2023-03-24','1.23',13,6,'שישי'),('2023-03-25','1.23',13,7,'שבת'),('2023-03-26','1.23',14,1,'ראשון'),('2023-03-27','1.23',14,2,'שני'),('2023-03-28','1.23',14,3,'שלישי'),('2023-03-29','1.23',14,4,'רביעי'),('2023-03-30','1.23',14,5,'חמישי'),('2023-03-31','1.23',14,6,'שישי'),('2023-04-01','1.23',14,7,'שבת'),('2023-04-02','1.23',15,1,'ראשון'),('2023-04-03','1.23',15,2,'שני'),('2023-04-04','1.23',15,3,'שלישי'),('2023-04-05','1.23',15,4,'רביעי'),('2023-04-06','1.23',15,5,'חמישי'),('2023-04-07','1.23',15,6,'שישי'),('2023-04-08','1.23',15,7,'שבת'),('2023-04-09','1.23',16,1,'ראשון'),('2023-04-10','1.23',16,2,'שני'),('2023-04-11','1.23',16,3,'שלישי'),('2023-04-12','1.23',16,4,'רביעי'),('2023-04-13','1.23',16,5,'חמישי'),('2023-04-14','1.23',16,6,'שישי'),('2023-04-15','1.23',16,7,'שבת'),('2023-04-16','1.23',17,1,'ראשון'),('2023-04-17','1.23',17,2,'שני'),('2023-04-18','1.23',17,3,'שלישי'),('2023-04-19','1.23',17,4,'רביעי'),('2023-04-20','1.23',17,5,'חמישי'),('2023-04-21','1.23',17,6,'שישי'),('2023-04-22','1.23',17,7,'שבת'),('2023-04-23','1.23',18,1,'ראשון'),('2023-04-24','1.23',18,2,'שני'),('2023-04-25','1.23',18,3,'שלישי'),('2023-04-26','1.23',18,4,'רביעי'),('2023-04-27','1.23',18,5,'חמישי'),('2023-04-28','1.23',18,6,'שישי'),('2023-04-29','1.23',18,7,'שבת'),('2023-04-30','1.23',19,1,'ראשון'),('2023-05-01','1.23',19,2,'שני'),('2023-05-02','1.23',19,3,'שלישי'),('2023-05-03','1.23',19,4,'רביעי'),('2023-05-04','1.23',19,5,'חמישי'),('2023-05-05','1.23',19,6,'שישי'),('2023-05-06','1.23',19,7,'שבת'),('2023-05-07','1.23',20,1,'ראשון'),('2023-05-08','1.23',20,2,'שני'),('2023-05-09','1.23',20,3,'שלישי'),('2023-05-10','1.23',20,4,'רביעי'),('2023-05-11','1.23',20,5,'חמישי'),('2023-05-12','1.23',20,6,'שישי'),('2023-05-13','1.23',20,7,'שבת'),('2023-05-14','1.23',21,1,'ראשון'),('2023-05-15','1.23',21,2,'שני'),('2023-05-16','1.23',21,3,'שלישי'),('2023-05-17','1.23',21,4,'רביעי'),('2023-05-18','1.23',21,5,'חמישי'),('2023-05-19','1.23',21,6,'שישי'),('2023-05-20','1.23',21,7,'שבת'),('2023-05-21','1.23',22,1,'ראשון'),('2023-05-22','1.23',22,2,'שני'),('2023-05-23','1.23',22,3,'שלישי'),('2023-05-24','1.23',22,4,'רביעי'),('2023-05-25','1.23',22,5,'חמישי'),('2023-05-26','1.23',22,6,'שישי'),('2023-05-27','1.23',22,7,'שבת'),('2023-05-28','1.23',23,1,'ראשון'),('2023-05-29','1.23',23,2,'שני'),('2023-05-30','1.23',23,3,'שלישי'),('2023-05-31','1.23',23,4,'רביעי'),('2023-06-01','1.23',23,5,'חמישי'),('2023-06-02','1.23',23,6,'שישי'),('2023-06-03','1.23',23,7,'שבת'),('2023-06-04','1.23',24,1,'ראשון'),('2023-06-05','1.23',24,2,'שני'),('2023-06-06','1.23',24,3,'שלישי'),('2023-06-07','1.23',24,4,'רביעי'),('2023-06-08','1.23',24,5,'חמישי'),('2023-06-09','1.23',24,6,'שישי'),('2023-06-10','1.23',24,7,'שבת'),('2023-06-11','1.23',25,1,'ראשון'),('2023-06-12','1.23',25,2,'שני'),('2023-06-13','1.23',25,3,'שלישי'),('2023-06-14','1.23',25,4,'רביעי'),('2023-06-15','1.23',25,5,'חמישי'),('2023-06-16','1.23',25,6,'שישי'),('2023-06-17','1.23',25,7,'שבת'),('2023-06-18','1.23',26,1,'ראשון'),('2023-06-19','1.23',26,2,'שני'),('2023-06-20','1.23',26,3,'שלישי'),('2023-06-21','1.23',26,4,'רביעי'),('2023-06-22','1.23',26,5,'חמישי'),('2023-06-23','1.23',26,6,'שישי'),('2023-06-24','1.23',26,7,'שבת'),('2023-06-25','1.23',1,1,'ראשון'),('2023-06-26','2.23',1,2,'שני'),('2023-06-27','2.23',1,3,'שלישי'),('2023-06-28','2.23',1,4,'רביעי'),('2023-06-29','2.23',1,5,'חמישי'),('2023-06-30','2.23',1,6,'שישי'),('2023-07-01','2.23',1,7,'שבת'),('2023-07-02','2.23',2,1,'ראשון'),('2023-07-03','2.23',2,2,'שני'),('2023-07-04','2.23',2,3,'שלישי'),('2023-07-05','2.23',2,4,'רביעי'),('2023-07-06','2.23',2,5,'חמישי'),('2023-07-07','2.23',2,6,'שישי'),('2023-07-08','2.23',2,7,'שבת'),('2023-07-09','2.23',3,1,'ראשון'),('2023-07-10','2.23',3,2,'שני'),('2023-07-11','2.23',3,3,'שלישי'),('2023-07-12','2.23',3,4,'רביעי'),('2023-07-13','2.23',3,5,'חמישי'),('2023-07-14','2.23',3,6,'שישי'),('2023-07-15','2.23',3,7,'שבת'),('2023-07-16','2.23',4,1,'ראשון'),('2023-07-17','2.23',4,2,'שני'),('2023-07-18','2.23',4,3,'שלישי'),('2023-07-19','2.23',4,4,'רביעי'),('2023-07-20','2.23',4,5,'חמישי'),('2023-07-21','2.23',4,6,'שישי'),('2023-07-22','2.23',4,7,'שבת'),('2023-07-23','2.23',5,1,'ראשון'),('2023-07-24','2.23',5,2,'שני'),('2023-07-25','2.23',5,3,'שלישי'),('2023-07-26','2.23',5,4,'רביעי'),('2023-07-27','2.23',5,5,'חמישי'),('2023-07-28','2.23',5,6,'שישי'),('2023-07-29','2.23',5,7,'שבת'),('2023-07-30','2.23',6,1,'ראשון'),('2023-07-31','2.23',6,2,'שני'),('2023-08-01','2.23',6,3,'שלישי'),('2023-08-02','2.23',6,4,'רביעי'),('2023-08-03','2.23',6,5,'חמישי'),('2023-08-04','2.23',6,6,'שישי'),('2023-08-05','2.23',6,7,'שבת'),('2023-08-06','2.23',7,1,'ראשון'),('2023-08-07','2.23',7,2,'שני'),('2023-08-08','2.23',7,3,'שלישי'),('2023-08-09','2.23',7,4,'רביעי'),('2023-08-10','2.23',7,5,'חמישי'),('2023-08-11','2.23',7,6,'שישי'),('2023-08-12','2.23',7,7,'שבת'),('2023-08-13','2.23',8,1,'ראשון'),('2023-08-14','2.23',8,2,'שני'),('2023-08-15','2.23',8,3,'שלישי'),('2023-08-16','2.23',8,4,'רביעי'),('2023-08-17','2.23',8,5,'חמישי'),('2023-08-18','2.23',8,6,'שישי'),('2023-08-19','2.23',8,7,'שבת'),('2023-08-20','2.23',9,1,'ראשון'),('2023-08-21','2.23',9,2,'שני'),('2023-08-22','2.23',9,3,'שלישי'),('2023-08-23','2.23',9,4,'רביעי'),('2023-08-24','2.23',9,5,'חמישי'),('2023-08-25','2.23',9,6,'שישי'),('2023-08-26','2.23',9,7,'שבת'),('2023-08-27','2.23',10,1,'ראשון'),('2023-08-28','2.23',10,2,'שני'),('2023-08-29','2.23',10,3,'שלישי'),('2023-08-30','2.23',10,4,'רביעי'),('2023-08-31','2.23',10,5,'חמישי'),('2023-09-01','2.23',10,6,'שישי'),('2023-09-02','2.23',10,7,'שבת'),('2023-09-03','2.23',11,1,'ראשון'),('2023-09-04','2.23',11,2,'שני'),('2023-09-05','2.23',11,3,'שלישי'),('2023-09-06','2.23',11,4,'רביעי'),('2023-09-07','2.23',11,5,'חמישי'),('2023-09-08','2.23',11,6,'שישי'),('2023-09-09','2.23',11,7,'שבת'),('2023-09-10','2.23',12,1,'ראשון'),('2023-09-11','2.23',12,2,'שני'),('2023-09-12','2.23',12,3,'שלישי'),('2023-09-13','2.23',12,4,'רביעי'),('2023-09-14','2.23',12,5,'חמישי'),('2023-09-15','2.23',12,6,'שישי'),('2023-09-16','2.23',12,7,'שבת'),('2023-09-17','2.23',13,1,'ראשון'),('2023-09-18','2.23',13,2,'שני'),('2023-09-19','2.23',13,3,'שלישי'),('2023-09-20','2.23',13,4,'רביעי'),('2023-09-21','2.23',13,5,'חמישי'),('2023-09-22','2.23',13,6,'שישי'),('2023-09-23','2.23',13,7,'שבת'),('2023-09-24','2.23',14,1,'ראשון'),('2023-09-25','2.23',14,2,'שני'),('2023-09-26','2.23',14,3,'שלישי'),('2023-09-27','2.23',14,4,'רביעי'),('2023-09-28','2.23',14,5,'חמישי'),('2023-09-29','2.23',14,6,'שישי'),('2023-09-30','2.23',14,7,'שבת'),('2023-10-01','2.23',15,1,'ראשון'),('2023-10-02','2.23',15,2,'שני'),('2023-10-03','2.23',15,3,'שלישי'),('2023-10-04','2.23',15,4,'רביעי'),('2023-10-05','2.23',15,5,'חמישי'),('2023-10-06','2.23',15,6,'שישי'),('2023-10-07','2.23',15,7,'שבת'),('2023-10-08','2.23',16,1,'ראשון'),('2023-10-09','2.23',16,2,'שני'),('2023-10-10','2.23',16,3,'שלישי'),('2023-10-11','2.23',16,4,'רביעי'),('2023-10-12','2.23',16,5,'חמישי'),('2023-10-13','2.23',16,6,'שישי'),('2023-10-14','2.23',16,7,'שבת'),('2023-10-15','2.23',17,1,'ראשון'),('2023-10-16','2.23',17,2,'שני'),('2023-10-17','2.23',17,3,'שלישי'),('2023-10-18','2.23',17,4,'רביעי'),('2023-10-19','2.23',17,5,'חמישי'),('2023-10-20','2.23',17,6,'שישי'),('2023-10-21','2.23',17,7,'שבת'),('2023-10-22','2.23',18,1,'ראשון'),('2023-10-23','2.23',18,2,'שני'),('2023-10-24','2.23',18,3,'שלישי'),('2023-10-25','2.23',18,4,'רביעי'),('2023-10-26','2.23',18,5,'חמישי'),('2023-10-27','2.23',18,6,'שישי'),('2023-10-28','2.23',18,7,'שבת'),('2023-10-29','2.23',19,1,'ראשון'),('2023-10-30','2.23',19,2,'שני'),('2023-10-31','2.23',19,3,'שלישי'),('2023-11-01','2.23',19,4,'רביעי'),('2023-11-02','2.23',19,5,'חמישי'),('2023-11-03','2.23',19,6,'שישי'),('2023-11-04','2.23',19,7,'שבת'),('2023-11-05','2.23',20,1,'ראשון'),('2023-11-06','2.23',20,2,'שני'),('2023-11-07','2.23',20,3,'שלישי'),('2023-11-08','2.23',20,4,'רביעי'),('2023-11-09','2.23',20,5,'חמישי'),('2023-11-10','2.23',20,6,'שישי'),('2023-11-11','2.23',20,7,'שבת'),('2023-11-12','2.23',21,1,'ראשון'),('2023-11-13','2.23',21,2,'שני'),('2023-11-14','2.23',21,3,'שלישי'),('2023-11-15','2.23',21,4,'רביעי'),('2023-11-16','2.23',21,5,'חמישי'),('2023-11-17','2.23',21,6,'שישי'),('2023-11-18','2.23',21,7,'שבת'),('2023-11-19','2.23',22,1,'ראשון'),('2023-11-20','2.23',22,2,'שני'),('2023-11-21','2.23',22,3,'שלישי'),('2023-11-22','2.23',22,4,'רביעי'),('2023-11-23','2.23',22,5,'חמישי'),('2023-11-24','2.23',22,6,'שישי'),('2023-11-25','2.23',22,7,'שבת'),('2023-11-26','2.23',23,1,'ראשון'),('2023-11-27','2.23',23,2,'שני'),('2023-11-28','2.23',23,3,'שלישי'),('2023-11-29','2.23',23,4,'רביעי'),('2023-11-30','2.23',23,5,'חמישי'),('2023-12-01','2.23',23,6,'שישי'),('2023-12-02','2.23',23,7,'שבת'),('2023-12-03','2.23',24,1,'ראשון'),('2023-12-04','2.23',24,2,'שני'),('2023-12-05','2.23',24,3,'שלישי'),('2023-12-06','2.23',24,4,'רביעי'),('2023-12-07','2.23',24,5,'חמישי'),('2023-12-08','2.23',24,6,'שישי'),('2023-12-09','2.23',24,7,'שבת'),('2023-12-10','2.23',25,1,'ראשון'),('2023-12-11','2.23',25,2,'שני'),('2023-12-12','2.23',25,3,'שלישי'),('2023-12-13','2.23',25,4,'רביעי'),('2023-12-14','2.23',25,5,'חמישי'),('2023-12-15','2.23',25,6,'שישי'),('2023-12-16','2.23',25,7,'שבת'),('2023-12-17','2.23',26,1,'ראשון'),('2023-12-18','2.23',26,2,'שני'),('2023-12-19','2.23',26,3,'שלישי'),('2023-12-20','2.23',26,4,'רביעי'),('2023-12-21','2.23',26,5,'חמישי'),('2023-12-22','2.23',26,6,'שישי'),('2023-12-23','2.23',26,7,'שבת'),('2023-12-24','1.24',1,1,'ראשון'),('2023-12-25','1.24',1,2,'שני'),('2023-12-26','1.24',1,3,'שלישי'),('2023-12-27','1.24',1,4,'רביעי'),('2023-12-28','1.24',1,5,'חמישי'),('2023-12-29','1.24',1,6,'שישי'),('2023-12-30','1.24',1,7,'שבת'),('2023-12-31','1.24',2,1,'ראשון'),('2024-01-01','1.24',2,2,'שני'),('2024-01-02','1.24',2,3,'שלישי');

--
-- Table structure for table `muscle_group_lookup`
--

CREATE TABLE `muscle_group_lookup` (
  `muscle_group` varchar(100) NOT NULL,
  `description` varchar(100) NOT NULL,
  PRIMARY KEY (`muscle_group`),
  KEY `muscle_group_lookup_description_index` (`description`)
);

--
-- Dumping data for table `muscle_group_lookup`
--

INSERT INTO `muscle_group_lookup` VALUES ('aerobic','אירובי'),('abs','בטן'),('upperBack','גב עליון'),('lowerBack','גב תחתון'),('chest','חזה'),('arms','ידיים'),('posture','יציבה'),('hamstring','ירך אחורי'),('quadriceps','ירך קדמי'),('butt','ישבן'),('shoulders','כתפיים'),('anteriorThigh','מקרבים'),('style','סגנון ריצה'),('calves','תאומים');

--
-- Table structure for table `drill`
--

CREATE TABLE `drill` (
  `name` varchar(100) NOT NULL,
  `muscle_group` varchar(45) DEFAULT NULL,
  `equipment` varchar(45) DEFAULT NULL,
  `description` mediumtext,
  `video` varchar(45) DEFAULT NULL,
  PRIMARY KEY (`name`),
  KEY `drill_muscle_lookup__fk` (`muscle_group`),
  CONSTRAINT `drill_muscle_lookup__fk` FOREIGN KEY (`muscle_group`) REFERENCES `muscle_group_lookup` (`muscle_group`)
);

--
-- Dumping data for table `drill`
--
INSERT INTO `drill` VALUES ('״אהבת הארץ״','shoulders',NULL,'עליה וירידה מהאמות במצב פלאנק',''),('בטן 30 מעלות','abs',NULL,'בשכיבה על הגב, כפות רגלים על הקרקע, עליית בטן וחזרה',''),('בטן 90 מעלות','abs',NULL,'הרגליים צמודות למעלה ב90 מעלות',''),('בטן אופניים','abs',NULL,'מרפק לברך נגדית',NULL),('בטן אלכסון ימין','abs',NULL,'רגל מונחת על רגל שניה, הגעה של מרפק לברך נגדית',NULL),('בטן אלכסון שמאל','abs',NULL,'רגל מונחת על רגל שניה, הגעה של מרפק לברך נגדית',NULL),('בטן אקורדיון','abs',NULL,'עליה של החלק העליון והרגליים בו זמנית כאשר הידיים מנסות לגעת בעקבים',NULL),('בטן הנפות','abs',NULL,'בשכיבה על הגב רגליים ישרות צמודות עולות ויורדות',NULL),('בטן חצי אולר','abs',NULL,'רגליים למעלה ישרות -נגיעה בקצות האצבעות',NULL),('בטן כוכב','abs',NULL,'בשכיבה על הגב הרגליים על הרצפה, נגיעת כף יד לרגל נגדית כל פעם',NULL),('בטן פינגווין','abs',NULL,'כפות רגליים על הקרקע, נגיעה של יד בעקב כל פעם צד אחר',NULL),('ג׳קסונים','arms',NULL,'דחיפה באמצעות מתקן מוגבה ירידה ל90 מעלות וחזרה ליישור',NULL),('דד ליפט רגל אחת','anteriorThigh',NULL,'רגל אחת מתיישרת לאחור כשהגוף מוטה קדימה במנח ניטרלי וחזרה',''),('הליכה צידית כנגד גומייה','anteriorThigh',NULL,'קשירה של גומיה סביב הרגליים והליכה צידית בהתנגדות',NULL),('הנפות עם פלטה ורוטציה','shoulders',NULL,'בפיסוק קל, הנפה של פלטה ממצב סקווט לגובה כתפיים וחזרה',NULL),('הרחקה בירך','anteriorThigh',NULL,'במצב עמידה-הרחקה של הרגל הצידה וחזרה',NULL),('הרחקה בכתף כנגד משקל','shoulders',NULL,'הרחקת הכתף מהגוף באמצעות משקולת חופשית',NULL),('הרמה מהרצפה עם TrapBar','butt',NULL,'אותם דגשים של סקוואט, החזקת המשקל באמצע הידית, מרפקים נעולים.',NULL),('הרמות אגן','butt',NULL,'משכיבה על הגב הרמת האגן כלפי מעלה עד כיווץ וירידה איטית',''),('הרמות אגן רגל אחת','anteriorThigh',NULL,'בשכיבה על הגב כאשר רגל אחת באוויר הרמה של האגן',''),('חתירה כנגד מתקן מקבילים','upperBack',NULL,'רגליים על הקרקע מעט קדימה, חתירה כנגד מתקן המקבילים',NULL),('חתירה למותן במכונה','upperBack',NULL,'חתירה למותן כנגד מכונה',NULL),('כפיפה בירך כנגד גומיה','anteriorThigh',NULL,'קשירת גומייה לעמוד הכנסת הרגל לבפנים וכפיפת הירך קדימה וחזרה',NULL),('כפיפה בכתף כנגד משקל','shoulders',NULL,'כפיפה בכתף באמצעות משקולת חופשית',NULL),('כפיפת ברכיים במכונה','hamstring',NULL,'בשכיבה על הבטן כפיפת הברכיים כנגד מכונה',NULL),('כפיפת מרפקים כנגד משקל','arms',NULL,'כפיפת מרפקים עם משקולות חופשיות בעמידה/ישיבה',NULL),('לחיצת חזה כנגד מוט','chest',NULL,'דחיפת מוט מאמצע החזה בשכיבה על הגב ליישור מרפקים וחזרה',NULL),('לחיצת כתפיים כנגד משקל','shoulders',NULL,'לחיצת הכתפיים כלפי מעלה בעמידה/ישיבה כנגד משקולת חופשיות',NULL),('לחיצת רגליים כנגד מכונה','anteriorThigh',NULL,'בישיבה דחיפה של הרגליים כנגד מכונה',NULL),('מכרע קדמי','anteriorThigh',NULL,'רגל אחת יורדת למכרע קדימה, 90 מעלות בין הרגליים',NULL),('מכרע קדמי + רוטציה','hamstring',NULL,'אותם דגשים של מכרע קדמי, הוספה של רוטציה של הגוף הצידה וחזרה',NULL),('מצב 2 נגיעות בכתף','arms',NULL,'מצב 2 יד נוגעת בכתף נגדית',NULL),('מקבילים','arms',NULL,'דחיפה כנגד מתקן המקבילים, ירידה עד 90 מעלות במרפק וחזרה ליישור מלא',NULL),('מתח אקצנטרי','upperBack',NULL,'עבודה על החלק של הירידה מהמתח-כמה שיותר איטית',NULL),('סופרמן','abs',NULL,'בעמידת 4 , ניתוק יד ורגל נגדית ליישור וחזרה',NULL),('סופרמן עם רוטציה אחורה','abs',NULL,'סופרמן עם הבאת היד לאחור לנגיעה ברגל באותו הצד וחזרה',''),('סקוואט קפיצה','butt',NULL,'אותם דגשים של סקווט + קפיצה לגובה וחזרה לסקווט',''),('סקווט','anteriorThigh',NULL,'רגליים בפיסוק רחב מעט מרוחב כתפיים , כפןת רגליים פונות 45* החוצה',''),('סקווט כנגד מוט','anteriorThigh',NULL,'אותם דגשים של סקווט, מוט מונח על השכמות',NULL),('סקווט צידי על מדרגה','butt',NULL,'ירידה לסקווט על צד אחד כאשר הרגל מונחת על מדרגה',NULL),('עליות מתח','upperBack',NULL,'עלייv במתקן המתח, דגש סנטר מעל קו מתח וחזרה ליישור מרפקים)',NULL),('עליות תאומים','calves',NULL,'עליה על קצות האצבעות וירידה איטית',''),('עליות תאומים על מדרגה','calves',NULL,'עליה על קצות האצבעות וירידה מעל מדרגה',NULL),('פלאנק','abs',NULL,'מצב סמיכה קדמית, צואר ממשיך קו גוף, 90 מעלות במרפקים',''),('פלאנק ניעות לצדדים','abs',NULL,'מצב פלאנק אגן שואף לגעת ברצפה כל פעם צד אחר',NULL),('פלאנק צידי','abs',NULL,'מצב סמיכה צידית',NULL),('פרפר חזה במכונה','chest',NULL,'קירוב אופקי בכתף כנגד מכונה',NULL),('פשיטה בירך','hamstring',NULL,'במצב עמידה-פשיטה של הרגל לאחור וחזרה',''),('פשיטות גו','lowerBack',NULL,'בשכיבה על הבטן, ידיים מתחת למצח , הרמה של הגב וחזרה',NULL),('פשיטות גו Y&W','lowerBack',NULL,'עליית גו שהידיים בצורת y ירידה ובצורת w',''),('פשיטות גו סופרמן','abs',NULL,'שכיבה על הבטן, יד ורגל נגדית עולות ויורדות',NULL),('פשיטות גו שחייה','lowerBack',NULL,'עליית גו ותנועת שחייה וחזרה',NULL),('פשיטת ברכיים במכונה','anteriorThigh',NULL,'בישיבה פשיטת הברכיים כנגד מכונה',NULL),('פשיטת מרפקים כנגד משקל','arms',NULL,NULL,NULL),('שכיבות סמיכה','arms',NULL,'מצב 2, צוואר ממשיך קו גוף, ירידה ל90 מעלות במרפקים וחזרה ליישור.',''),('שכיבות סמיכה שיפוע שלילי','arms',NULL,'שכיבות סמיכה כאשר הרגליים מונחות על מתקן מוגבה',NULL);


--
-- Table structure for table `workout_category_lookup`
--

CREATE TABLE `workout_category_lookup` (
  `category` varchar(100) NOT NULL,
  `description` varchar(100) NOT NULL,
  `intensity` varchar(100) NOT NULL,
  `goal` varchar(100) DEFAULT NULL,
  PRIMARY KEY (`category`)
);

--
-- Dumping data for table `workout_category_lookup`
--

INSERT INTO `workout_category_lookup` VALUES ('אימוני אינטרוולים','מאגר אימוני אינטרוולים','בינונית','לרוץ מהר יותר'),('אימוני בצא','אימונים מצויינים לאלה שרוצים להשתפר מהר ','גבוהה','לרוץ מתחת 12 דקות'),('אימוני רגליים','אימוני רגליים מרוכזים, קורע את השרירים','גבוהה','להיות חזקים'),('חיזוק שרירי ליבה','מומלץ בעיקר למערך המסוקים והתובלה','בינונית','לחזק את הבטן והגב'),('חצי מרתון','לאלה שמעוניינים לרוץ כמו איילה\r\n','נמוכה','לרוץ למרחקים'),('כוח מתקדמים','אימוני כוח בעצימות גבוהה','נמוכה','לרוץ מהר יותר'),('פלג גוף עליון','אימוני ידיים וכתפיים, מיועד למתקדמים','גבוהה','לחזק את הידיים וחגורת הכתפיים'),('ריצה למתחילים','אימונים אירוביים לחיזוק סיבולת לב ריאה','נמוכה','להשפר סיבולת לב ריאה');


--
-- Table structure for table `workout`
--

CREATE TABLE `workout` (
  `name` varchar(100) NOT NULL,
  `length` int DEFAULT NULL,
  `category` varchar(100) DEFAULT NULL,
  `type` varchar(45) DEFAULT NULL,
  `description` mediumtext,
  `intensity` varchar(20) NOT NULL,
  `note` mediumtext,
  PRIMARY KEY (`name`),
  KEY `workout_workout_category_lookup_category_fk` (`category`),
  CONSTRAINT `workout_workout_category_lookup_category_fk` FOREIGN KEY (`category`) REFERENCES `workout_category_lookup` (`category`)
);

--
-- Dumping data for table `workout`
--

INSERT INTO `workout` VALUES ('אימון חזה ויד אחורית',60,'פלג גוף עליון','power','אימון טוב לחזרה לשגרה','נמוכה',''),('אימון ידיים',60,'פלג גוף עליון','power','למתקדמים בלבד, משקלים גבוהים מאוד','נמוכה',''),('אימון צוואר',60,'פלג גוף עליון','power','לשיפור ביצועים בקרבות אוויר','נמוכה',''),('חיזוק אחיזה',45,'פלג גוף עליון','power','אימון לחיזוק האחיזה ולשיפור מוטוריקת הידיים','נמוכה',''),('טכניקת חדר כושר',45,'פלג גוף עליון','power','אימון שמתמקד בעשייה נכונה של התרגילים למיניהם','נמוכה',''),('כוח כתפיים מתפרץ',60,'פלג גוף עליון','power','אימון חשוב לכתפיים','נמוכה','ללא'),('כתפיים מס 1',60,'פלג גוף עליון','power','תרגילי כתפיים לחיזוק החגורה, מומלץ למערך הקרב','בינונית','אפשר לעשות סט אחד או שניים, לא יותר'),('תרגילי כתפיים סטטי',60,'פלג גוף עליון','power','חשוב מאוד לשמירה על חוזק רצועת כתפיים','נמוכה','');


--
-- Table structure for table `drill_in_workout`
--

CREATE TABLE `drill_in_workout` (
  `ID` int NOT NULL AUTO_INCREMENT,
  `drill` varchar(100) NOT NULL,
  `workout` varchar(100) NOT NULL,
  `sets` int DEFAULT NULL,
  `reps` int DEFAULT NULL,
  `rest` int NOT NULL,
  PRIMARY KEY (`ID`),
  KEY `id_idx` (`workout`),
  KEY `drill_in_workout_drill_name_fk` (`drill`),
  CONSTRAINT `drill_in_workout_drill_name_fk` FOREIGN KEY (`drill`) REFERENCES `drill` (`name`),
  CONSTRAINT `drill_in_workout_workout_workout_id_fk` FOREIGN KEY (`workout`) REFERENCES `workout` (`name`)
);

--
-- Dumping data for table `drill_in_workout`
--

INSERT INTO `drill_in_workout` VALUES (43,'מתח אקצנטרי','כתפיים מס 1',2,6,30),(44,'הרחקה בכתף כנגד משקל','כתפיים מס 1',2,10,30),(45,'מצב 2 נגיעות בכתף','כתפיים מס 1',4,8,30),(46,'פשיטת מרפקים כנגד משקל','כתפיים מס 1',3,12,30),(47,'״אהבת הארץ״','כוח כתפיים מתפרץ',2,2,2),(48,'בטן 90 מעלות','תרגילי כתפיים סטטי',22,12,2),(49,'בטן אקורדיון','אימון צוואר',2,2,2),(50,'בטן אופניים','אימון חזה ויד אחורית',2,2,2),(51,'״אהבת הארץ״','אימון ידיים',2,2,2),(52,'בטן 30 מעלות','חיזוק אחיזה',1,2,2),(53,'בטן 30 מעלות','טכניקת חדר כושר',2,2,2);


--
-- Table structure for table `user`
--

CREATE TABLE `user` (
  `user_id` int NOT NULL,
  `name` varchar(20) DEFAULT NULL,
  `megama` varchar(20) DEFAULT NULL,
  `password` varchar(20) NOT NULL,
  `email` varchar(100) DEFAULT NULL,
  `weight` decimal(4,1) DEFAULT NULL,
  `course` varchar(100) DEFAULT NULL,
  `admin` bit(1) NOT NULL DEFAULT b'0',
  `profile_picture` varchar(100) DEFAULT NULL,
  PRIMARY KEY (`user_id`)
);

--
-- Dumping data for table `user`
--

INSERT INTO `user` VALUES (206663345,'משה משה','ניהולמע','123','MOSHE@gmail.com',80.5,'מסלולים',_binary '','MOSHE.jpeg'), (206663344,'דניאל סלע','ניהולמע','123','Dansel@gmail.com',80.5,'מסלולים',_binary '','Daniel.jpeg'), (206663346,'ניתאי מאיו','ניהולמע','123','givonmayo@gmail.com',80.5,'מסלולים',_binary '','nitay.jpeg');


--
-- Table structure for table `train`
--


CREATE TABLE `train` (
  `user_id` int NOT NULL,
  `UploadDT` datetime NOT NULL,
  `trainingDate` date NOT NULL,
  `description` mediumtext,
  `length` int NOT NULL,
  `distance` int DEFAULT NULL,
  `location` varchar(100) DEFAULT NULL,
  `type` varchar(10) NOT NULL,
  PRIMARY KEY (`user_id`,`UploadDT`),
  KEY `train_train_id_DT_index` (`user_id`,`UploadDT`),
  KEY `train_date_lookup_date_fk` (`trainingDate`),
  CONSTRAINT `train_date_lookup_date_fk` FOREIGN KEY (`trainingDate`) REFERENCES `date_lookup` (`date`),
  CONSTRAINT `Trainid` FOREIGN KEY (`user_id`) REFERENCES `user` (`user_id`)
);

--
-- Dumping data for table `train`
--

INSERT INTO `train` VALUES (206663346,'2020-10-14 23:56:39','2020-10-17','',12,12,NULL,'ריצה'),(206663346,'2020-10-15 12:08:31','2020-10-15','',12,12,NULL,'ריצה'),(206663346,'2020-10-15 15:25:54','2020-10-17','',10,10,NULL,'ריצה'),(206663346,'2020-10-17 12:24:33','2020-10-17','נחמד מאוד',60,NULL,'חדכ','כוח'),(206663346,'2020-10-17 19:01:13','2020-10-22','',12,12,NULL,'ריצה'),(206663344,'2020-10-20 18:57:55','2020-10-22','',12,12,NULL,'ריצה'),(206663344,'2020-11-18 21:48:29','2020-11-10','',60,NULL,'אחלה מקום','כוח'),(206663345,'2020-10-18 17:54:11','2020-10-16','',123,132,NULL,'ריצה'),(206663345,'2020-10-19 20:51:15','2020-10-21','ש\'גש\'ג',1,NULL,'ששש','כוח'),(206663345,'2020-10-18 09:25:23','2020-10-21','',12,12,NULL,'ריצה'),(206663345,'2020-10-17 11:07:49','2020-10-16','qwdeawd',123,123,NULL,'ריצה'), (206663346, '2023-02-09 12:14:55', '2023-02-09', 'היה אימון מעולה!', 30, NULL, 'חדכ', 'כוח'), (206663346, '2023-02-09 12:17:29', '2023-02-07', 'אימון קשה מאוד', 60, null, 'חצר מתחים', 'כוח');

--
-- Table structure for table `mails`
--

CREATE TABLE `mails` (
  `senderID` int NOT NULL,
  `DT` datetime NOT NULL,
  `receiverID` int NOT NULL,
  `trainID` int DEFAULT NULL,
  `trainDT` datetime DEFAULT NULL,
  `headline` varchar(100) NOT NULL,
  `content` longtext NOT NULL,
  `isNew` bit(1) NOT NULL DEFAULT b'1',
  PRIMARY KEY (`senderID`,`DT`),
  KEY `table_mails_user_user_id_fk_2` (`receiverID`),
  KEY `mails_train_train_id_DT_fk` (`trainID`,`trainDT`),
  CONSTRAINT `mails_train_train_id_DT_fk` FOREIGN KEY (`trainID`, `trainDT`) REFERENCES `train` (`user_id`, `UploadDT`),
  CONSTRAINT `table_mails_user_user_id_fk` FOREIGN KEY (`senderID`) REFERENCES `user` (`user_id`),
  CONSTRAINT `table_mails_user_user_id_fk_2` FOREIGN KEY (`receiverID`) REFERENCES `user` (`user_id`)
);

--
-- Dumping data for table `mails`
--

INSERT INTO `mails` VALUES (206663346,'2020-11-13 12:31:53',206663344,NULL,NULL,'תודה רבה','היה אימון מצויין',_binary ''),(206663346,'2020-11-13 13:14:49',206663344,NULL,NULL,'כל הכבוד','יפה מאוד',_binary ''),(206663345,'2020-11-17 23:40:15',206663344, NULL,NULL,'שאלה קטנה','אהלן תמוז מה נשמע?\r\n',_binary '\0');

--
-- Table structure for table `muscle_group_in_train`
--

CREATE TABLE `muscle_group_in_train` (
  `user_id` int NOT NULL,
  `DT` datetime NOT NULL,
  `muscle_group` varchar(45) NOT NULL,
  PRIMARY KEY (`user_id`,`DT`,`muscle_group`),
  KEY `D/T_idx` (`DT`),
  KEY `name_idx` (`muscle_group`),
  CONSTRAINT `drill_IN_id` FOREIGN KEY (`user_id`, `DT`) REFERENCES `train` (`user_id`, `UploadDT`),
  CONSTRAINT `muscle_group_in_train_muscle_group_lookup_description_fk` FOREIGN KEY (`muscle_group`) REFERENCES `muscle_group_lookup` (`description`)
);

--
-- Dumping data for table `muscle_group_in_train`
--

insert into Bistrong.muscle_group_in_train (user_id, DT, muscle_group)
values  (206663346, '2023-02-09 12:14:55', 'גב עליון'),
        (206663346, '2023-02-09 12:14:55', 'גב תחתון'),
        (206663346, '2023-02-09 12:14:55', 'ירך אחורי'),
        (206663346, '2023-02-09 12:14:55', 'מקרבים'),
        (206663346, '2023-02-09 12:17:29', 'חזה'),
        (206663346, '2023-02-09 12:17:29', 'ידיים'),
        (206663346, '2023-02-09 12:17:29', 'מקרבים'),
        (206663346, '2023-02-09 12:17:29', 'סגנון ריצה'),
        (206663346, '2023-02-09 12:17:29', 'תאומים');

--
-- Table structure for table `muscle_group_in_workout`
--

CREATE TABLE `muscle_group_in_workout` (
  `workout` varchar(100) NOT NULL,
  `muscle_group` varchar(100) NOT NULL,
  PRIMARY KEY (`workout`,`muscle_group`),
  KEY `muscle_group_in_workout_muscle_group_lookup_description_fk` (`muscle_group`),
  CONSTRAINT `muscle_group_in_workout_muscle_group_lookup_description_fk` FOREIGN KEY (`muscle_group`) REFERENCES `muscle_group_lookup` (`description`),
  CONSTRAINT `muscle_group_in_workout_workout_name_fk` FOREIGN KEY (`workout`) REFERENCES `workout` (`name`)
);

--
-- Dumping data for table `muscle_group_in_workout`
--

INSERT INTO `muscle_group_in_workout` VALUES ('אימון חזה ויד אחורית','אירובי'),('אימון ידיים','אירובי'),('אימון צוואר','אירובי'),('חיזוק אחיזה','אירובי'),('טכניקת חדר כושר','אירובי'),('כוח כתפיים מתפרץ','אירובי'),('כתפיים מס 1','גב עליון'),('אימון חזה ויד אחורית','גב תחתון'),('אימון ידיים','גב תחתון'),('אימון צוואר','גב תחתון'),('טכניקת חדר כושר','גב תחתון'),('כוח כתפיים מתפרץ','גב תחתון'),('כתפיים מס 1','גב תחתון'),('תרגילי כתפיים סטטי','גב תחתון'),('כתפיים מס 1','חזה'),('אימון חזה ויד אחורית','יציבה'),('אימון ידיים','יציבה'),('אימון צוואר','יציבה'),('כוח כתפיים מתפרץ','יציבה'),('תרגילי כתפיים סטטי','ירך אחורי'),('חיזוק אחיזה','ישבן'),('כתפיים מס 1','כתפיים'),('חיזוק אחיזה','סגנון ריצה');


--
-- Table structure for table `saved_categories`
--

CREATE TABLE `saved_categories` (
  `user_id` int NOT NULL,
  `category` varchar(100) NOT NULL,
  PRIMARY KEY (`user_id`,`category`),
  KEY `saved_categories_workout_category_lookup_category_fk` (`category`),
  CONSTRAINT `saved_categories_user_user_id_fk` FOREIGN KEY (`user_id`) REFERENCES `user` (`user_id`),
  CONSTRAINT `saved_categories_workout_category_lookup_category_fk` FOREIGN KEY (`category`) REFERENCES `workout_category_lookup` (`category`)
);

--
-- Table structure for table `saved_workouts`
--

CREATE TABLE `saved_workouts` (
  `user_id` int NOT NULL,
  `workout` varchar(100) NOT NULL,
  PRIMARY KEY (`user_id`,`workout`),
  KEY `saved_workouts_workout_name_fk` (`workout`),
  CONSTRAINT `saved_workouts_user_user_id_fk` FOREIGN KEY (`user_id`) REFERENCES `user` (`user_id`),
  CONSTRAINT `saved_workouts_workout_name_fk` FOREIGN KEY (`workout`) REFERENCES `workout` (`name`)
);


